OMP,PTHREAD,SLICES,t0,t1,t2,t3,t4,t5,t6,t7,t8,t9
16,8,4,6.18233,6.33194,6.10127,6.14825,6.68852,6.72635,7.02079,6.58377,6.65686,6.14241
